{
    "16": 0.6230135560035706,
    "32": 0.651976466178894,
    "64": 0.5968804955482483
}