{
    "final_train_loss": 0.005797682646661997,
    "final_val_loss": 0.0046301923825272494,
    "final_data_loss": 0.005150338597595692,
    "final_pde_loss": 0.0028407744923606513,
    "final_causal_loss": 0.00036326658097095787
}