{
    "causality_violations": {
        "mean": 0.05492258975282312,
        "max": 0.08172314614057541,
        "all_violations": [
            0.013720677234232426,
            0.06796364486217499,
            0.03831123933196068,
            0.060343995690345764,
            0.04768224433064461,
            0.03783511370420456,
            0.07877188175916672,
            0.08172314614057541,
            0.07460252195596695,
            0.048271432518959045
        ]
    },
    "prediction_metrics": {
        "mean_error": 0.06367400590796024,
        "std_error": 0.02640985873872155,
        "max_error": 0.1709601879119873
    }
}