{
    "GNO": [
        0.9794594049453735,
        0.740626335144043,
        0.7311081290245056
    ],
    "Baseline": [
        1.030861735343933,
        0.746980607509613,
        0.7383230924606323
    ]
}