{
    "gno": [
        0.7860793471336365,
        0.762087345123291,
        0.7880436778068542,
        0.796882152557373,
        0.7902528643608093
    ],
    "baseline": [
        0.7749097943305969,
        0.7872704267501831,
        0.8305810689926147,
        0.7781581878662109,
        0.8031759858131409
    ],
    "sample_sizes": [
        50,
        100,
        200,
        300,
        400
    ]
}