{
    "sources": {
        "mean": 0.008785999223914305,
        "std": 0.5467035980465065,
        "min": -3.225410386952803,
        "max": 2.8447117493165077
    },
    "solutions": {
        "mean": 0.0013949962546350092,
        "std": 0.23811345303900555,
        "min": -1.0671506436768197,
        "max": 1.0543035195202262
    },
    "n_samples": 1000,
    "spatial_resolution": [
        50,
        100
    ]
}