{
    "freq": [],
    "gno_err": [],
    "std_err": [],
    "final_mse_gno": 1.8007380962371826,
    "final_mse_std": 1.7747050523757935
}