{
    "0.5": 0.39210811257362366,
    "0.8": 0.1526450216770172,
    "1.0": 0.029134750366210938,
    "1.2": 0.1511707901954651,
    "1.5": 0.4058302640914917,
    "2.0": 0.7830671072006226
}