{
    "gno": [
        0.2256516069173813,
        0.14285510778427124,
        0.11197270452976227,
        0.08443742990493774,
        0.06240266188979149,
        0.04022488743066788,
        0.030929861590266228,
        0.02217702940106392,
        0.016741782426834106,
        0.014066287316381931
    ],
    "std": [
        0.23424462974071503,
        0.14676831662654877,
        0.10913482308387756,
        0.079116590321064,
        0.055071111768484116,
        0.0410003736615181,
        0.03553038462996483,
        0.03059973753988743,
        0.026506662368774414,
        0.02274591103196144
    ],
    "test_gno": 0.3218708038330078,
    "test_std": 0.34854015707969666
}