{
    "baseline": {
        "mean_relative_l2_error": 0.10079125244170427,
        "std_relative_l2_error": 0.07374906727470687,
        "mean_max_error": 0.05738450514152646
    },
    "geometric": {
        "mean_relative_l2_error": 1.2439190431311726,
        "std_relative_l2_error": 0.6928800978574923,
        "mean_max_error": 0.5062729200534523
    },
    "improvement_percent": -1134.1537712815223
}