{
    "gno": [
        0.15278790891170502,
        0.11805815249681473,
        0.11747317016124725
    ],
    "baseline": [
        0.10506190359592438,
        0.10334661602973938,
        0.10315640270709991
    ],
    "sample_sizes": [
        50,
        100,
        200
    ]
}