{
    "0.0": {
        "best_test_loss": 0.05716587230563164,
        "final_test_loss": 0.0770261946779031
    },
    "0.1": {
        "best_test_loss": 0.05746772742042175,
        "final_test_loss": 0.05795604735612869
    },
    "1.0": {
        "best_test_loss": 0.057854790813647784,
        "final_test_loss": 0.05795880120534163
    }
}