{
    "sphere": {
        "n_train": [
            50,
            100,
            200,
            400,
            800
        ],
        "geometric_errors": [
            [
                0.059642904571124485,
                0.05973370160375323,
                0.05938312304871423,
                0.05966751543538911,
                0.06024557937468801
            ],
            [
                0.06064573622175625,
                0.06038290102566991,
                0.05995357728430203,
                0.06048015345420156,
                0.060251619666814804
            ],
            [
                0.06083870306611061,
                0.061221886958394735,
                0.060472032853535244,
                0.06014012545347214,
                0.06029813789895603
            ],
            [
                0.05853490691099848,
                0.0590366039957319,
                0.059005369033132284,
                0.05928067809769085,
                0.059273211019379754
            ],
            [
                0.058430690318346024,
                0.05863976638231959,
                0.059139447552817206,
                0.058920239231416156,
                0.057834469846316745
            ]
        ],
        "baseline_errors": [
            [
                0.010501334044550146,
                0.00960915588906833,
                0.00789812473314149,
                0.006035043325807367,
                0.00942963654441493
            ],
            [
                0.005568040734423059,
                0.004088567968990121,
                0.004704844173310059,
                0.003669878201825278,
                0.005612006743571588
            ],
            [
                0.002361358958296478,
                0.0024356518240113345,
                0.001981143107903855,
                0.0017411056905984879,
                0.0022617007406162365
            ],
            [
                0.0010989269773874963,
                0.0010598825506999024,
                0.00095075077011383,
                0.0010220787620970181,
                0.001075908009495054
            ],
            [
                0.0008708964617523764,
                0.000803820023845349,
                0.0007366945834032127,
                0.0007436643105133303,
                0.0008054874612883266
            ]
        ],
        "geometric_times": [
            [
                42.58108615875244,
                40.439709186553955,
                40.45315074920654,
                41.54841494560242,
                42.30393838882446
            ],
            [
                55.78524613380432,
                55.407469272613525,
                55.53429198265076,
                58.26521873474121,
                60.459619998931885
            ],
            [
                90.18512606620789,
                90.08649921417236,
                90.2907464504242,
                89.85597825050354,
                92.33756160736084
            ],
            [
                153.26067638397217,
                153.5880627632141,
                155.59570693969727,
                146.6701533794403,
                153.8553183078766
            ],
            [
                282.1684730052948,
                279.92611360549927,
                276.5677545070648,
                278.0807828903198,
                279.89497995376587
            ]
        ],
        "baseline_times": [
            [
                29.709413528442383,
                28.275134563446045,
                28.159010887145996,
                27.988484621047974,
                29.892768621444702
            ],
            [
                43.26495289802551,
                41.463380575180054,
                41.54621744155884,
                41.533634185791016,
                43.65522027015686
            ],
            [
                71.35867476463318,
                71.45215272903442,
                71.49091410636902,
                71.60250163078308,
                71.55886507034302
            ],
            [
                127.18115305900574,
                127.25192141532898,
                127.05294251441956,
                124.84044456481934,
                125.80405235290527
            ],
            [
                238.9026563167572,
                239.0809202194214,
                240.5617697238922,
                234.19544172286987,
                240.64609813690186
            ]
        ]
    },
    "minkowski": {
        "n_train": [
            50,
            100,
            200,
            400,
            800
        ],
        "geometric_errors": [
            [
                0.030376281589269638,
                0.033933842820780616,
                0.032684646014656336,
                0.03507033708904471,
                0.03275493372763906
            ],
            [
                0.027875731300030435,
                0.030524525259222304,
                0.02813039453966277,
                0.02701209325875555,
                0.02785502640264375
            ],
            [
                0.0227034009460892,
                0.015773295424878597,
                0.017208993834044253,
                0.02280497577573572,
                0.024913891085556576
            ],
            [
                0.006441062582390649,
                0.006135687897247928,
                0.007513307899768863,
                0.007100077279444251,
                0.008028076895113503
            ],
            [
                0.00506209276084389,
                0.005420175647096974,
                0.005714485887438059,
                0.005188500043004751,
                0.005250033057693925
            ]
        ],
        "baseline_errors": [
            [
                0.03327467053064278,
                0.03421694306390626,
                0.033524970923151286,
                0.03334542816238744,
                0.031968655330794196
            ],
            [
                0.028964372351765633,
                0.02880838460155896,
                0.027254126699907438,
                0.02897330213870321,
                0.02638112407709871
            ],
            [
                0.02441414844776903,
                0.013565355645758765,
                0.020877028682402203,
                0.02276030688413552,
                0.01265134010463953
            ],
            [
                0.007386764910604272,
                0.009033079791281904,
                0.006651540286839008,
                0.008075412495860032,
                0.007325715784515653
            ],
            [
                0.005444888956844807,
                0.005286660511046648,
                0.005333388024674994,
                0.005796963947692088,
                0.005343964722539697
            ]
        ],
        "geometric_times": [
            [
                5.8104088306427,
                5.9403955936431885,
                5.773426055908203,
                5.814106702804565,
                5.7876973152160645
            ],
            [
                8.648433923721313,
                8.719796895980835,
                8.8151273727417,
                8.89150357246399,
                8.845014810562134
            ],
            [
                14.34714150428772,
                14.055990219116211,
                14.208598613739014,
                14.163530588150024,
                14.707282781600952
            ],
            [
                25.778565883636475,
                26.139395236968994,
                25.823856353759766,
                25.647439002990723,
                25.53135633468628
            ],
            [
                48.16762685775757,
                47.07366490364075,
                46.17176175117493,
                50.853976011276245,
                50.22880959510803
            ]
        ],