{
    "sphere": {
        "power_law_exponent_geometric": 0.00864886639191814,
        "power_law_exponent_baseline": 0.9543578712670208,
        "p_values": [
            1.4369864990598765e-07,
            8.35169556850852e-09,
            5.348277570344989e-11,
            1.205463153692663e-10,
            9.018291890206339e-10
        ],
        "mean_errors_geometric": [
            0.059734564806733816,
            0.06034279753054891,
            0.06059417724609375,
            0.05902615381138665,
            0.05859292266624314
        ],
        "mean_errors_baseline": [
            0.008694658907396452,
            0.004728667564424021,
            0.0021561920642852784,
            0.0010415094139586602,
            0.000792112568160519
        ]
    },
    "minkowski": {
        "power_law_exponent_geometric": 0.5458394403961112,
        "power_law_exponent_baseline": 0.5600014879736906,
        "p_values": [
            0.640042210623654,
            0.39746565047518884,
            0.2736706393105004,
            0.8023812814887751,
            0.7233499205833764
        ],
        "mean_errors_geometric": [
            0.03296400824827807,
            0.028279554152062958,
            0.020680911413260866,
            0.007043642510793038,
            0.005327057479215519
        ],
        "mean_errors_baseline": [
            0.033266133602176395,
            0.028076261973806794,
            0.018853635952941008,
            0.007694502653820173,
            0.0054411732325596466
        ]
    },
    "n_train_sizes": [
        50,
        100,
        200,
        400,
        800
    ]
}