{
    "geometric": 0.1165151372551918,
    "standard": 0.12374676018953323
}