{
    "causal": 2945.874267578125,
    "standard": 0.6611706614494324
}