{
    "positive": {
        "gno": [
            0.7860793471336365,
            0.762087345123291,
            0.7880436778068542,
            0.796882152557373,
            0.7902528643608093
        ],
        "baseline": [
            0.7749097943305969,
            0.7872704267501831,
            0.8305810689926147,
            0.7781581878662109,
            0.8031759858131409
        ],
        "sample_sizes": [
            50,
            100,
            200,
            300,
            400
        ]
    },
    "negative": {
        "gno": [
            0.15278790891170502,
            0.11805815249681473,
            0.11747317016124725
        ],
        "baseline": [
            0.10506190359592438,
            0.10334661602973938,
            0.10315640270709991
        ],
        "sample_sizes": [
            50,
            100,
            200
        ]
    },
    "indefinite": {
        "no_causality": 0.5926799178123474,
        "with_causality": 0.5950427055358887
    }
}